{
    "textures": {
        "particle": "#texture"
    },
    "elements": [
        {   "from": [ 5, -1, 6 ],
            "to": [ 11, -1, 10 ],
            "faces": {
                "down":  { "uv": [ 5,  6, 11, 10 ], "texture": "#texture", "cullface": "down" },
                "up":    { "uv": [ 5,  6, 11, 10 ], "texture": "#texture"},
                "north": { "uv": [ 5, 14, 11, 16 ], "texture": "#texture"},
                "south": { "uv": [ 5, 14, 11, 16 ], "texture": "#texture"},
                "west":  { "uv": [ 6, 14, 10, 16 ], "texture": "#texture"},
                "east":  { "uv": [ 6, 14, 10, 16 ], "texture": "#texture"}
            }
        }
    ]
}
